"Pet Vet on Patton, The Pet Vet"
"Wonderdog Grooming (Asheville & Weaverville locations)"
"Ruff Life Dog Training Services"
"At Play with Sparky"
"Happy Tails Country Club"
"Barkmore Park"
"Mills River Dog Camp"
"Platinum Pet Resort"
"Hair of the Dog"
"Pampered Pets Inn & Spa"
"charlotte street canine social club"
"VIP Pet Resorts (formerly Urban Dog Retreat)(Biltmore Forest)"
"Caitlin Morrow"
staycations
"You Work I'll Play Dog Daycare and Training"
"Dog's Day Out, A Dog's Day Out - Hendersonville"
"Love of the Pup"
"Haw Creek Pet Care"
"Asheville Dog Co."
"Appawlachian Hiking Company"
"The Hound Hut"
"Woof in in the Woods"
"Appalachian Animal Play-Cations"
"Paw Pleasers Pet Resort"
"Buckeye Kennels"
"Bed & Biscuit Pet Spa"
"Woof Lodge, The (The Woof Lodge)"
"Furry Godmother"
"Maple Tree Dog Camp"
"CTs Pawty Waggin"
"Blue Ridge Kennels"
"Romeo's Doghouse"
"4 seasons dog boarding"
"Top Dog Kennel"
PetSmart
"Fairview Kennels"
"East Asheville animal hospital"
"Horse Shoe Kennels"
"Dog House Doggie Daycare"
"Noah's playground"
"Dominique’s Doghouse"
"Spring Valley Farm Dog Care"
Leash
"Fetch Dog Daycare and Boarding"
"Dominiques Dog House"
"Aunt TT's Pet Sitting Service"
"Laura Hope-Gill"
"Auntie M Pet Care"
"Duke's Pampered Pets - Waynesville"
"Only Cats Boarding"
"Cats Cradle - Black Mountain"
"Starboard Veterinary Clinic"
"You Work, I'll Play Dog Daycare and Training"
"Camp Bow Wow"
"Central Bark"
"Noble Dog Lodge"
"barks and recreation"
"Wag World"
"Fairview Boarding"
"A Dog's Day Out"
"All American Pet Resort"
"Pisgah Pet Suites"
"Best Day Ever Doggy Daycare"
"Happy Dogs Specialty Care"
"Ruff Ridge Retreat"
